{"accuracy": [0.25954070687294006, 0.4786638915538788, 0.6023381948471069, 0.6693945527076721, 0.7233402729034424, 0.7655114531517029, 0.8022546768188477, 0.835991621017456, 0.8501043915748596, 0.8829227685928345, 0.8911899924278259, 0.9165762066841125, 0.9169937372207642, 0.9339457154273987, 0.940876841545105, 0.9524008631706238, 0.9516492486000061, 0.9601669907569885, 0.9581628441810608, 0.9736952185630798, 0.9645928740501404, 0.9685177206993103, 0.9759498834609985, 0.9711064696311951, 0.9812943339347839, 0.9772860407829285, 0.9822964668273926, 0.9734447002410889, 0.9878079295158386, 0.9890605211257935, 0.9803757667541504, 0.980793297290802, 0.9863883256912231, 0.981878936290741, 0.9858872890472412], "loss": [2.013688087463379, 1.4756954908370972, 1.1435366868972778, 0.9603731632232666, 0.8152955174446106, 0.6981620788574219, 0.5866272449493408, 0.4920015335083008, 0.4365558624267578, 0.34955674409866333, 0.3233250677585602, 0.2518209218978882, 0.25073593854904175, 0.19560553133487701, 0.1754685938358307, 0.14281897246837616, 0.14594464004039764, 0.11886394768953323, 0.12355063855648041, 0.08725335448980331, 0.1034787967801094, 0.09275917708873749, 0.07622264325618744, 0.08737953007221222, 0.05746619775891304, 0.07264167815446854, 0.05738971009850502, 0.08133538067340851, 0.039414577186107635, 0.034949757158756256, 0.06324823945760727, 0.0630650594830513, 0.04153016209602356, 0.055831681936979294, 0.04130498692393303], "val_accuracy": [0.34502339363098145, 0.5050100088119507, 0.6763526797294617, 0.6710087060928345, 0.7368069291114807, 0.7788910865783691, 0.7999331951141357, 0.8296593427658081, 0.8493654131889343, 0.8413493633270264, 0.8493654131889343, 0.8694054484367371, 0.8737474679946899, 0.8690714836120605, 0.8700734972953796, 0.882765531539917, 0.8911155462265015, 0.8954575657844543, 0.9011356234550476, 0.9011356234550476, 0.8984636068344116, 0.9074816107749939, 0.8974615931510925, 0.8934535980224609, 0.908483624458313, 0.911155641078949, 0.914829671382904, 0.9114896655082703, 0.916499674320221, 0.8944555521011353, 0.900467574596405, 0.9071476459503174, 0.9191716909408569, 0.9034736156463623, 0.9048095941543579], "val_loss": [1.809431552886963, 1.3948729038238525, 0.9430857300758362, 0.9415060877799988, 0.7828295230865479, 0.672019898891449, 0.5986902713775635, 0.5127682685852051, 0.4642815589904785, 0.49192938208580017, 0.47816038131713867, 0.39915385842323303, 0.38988539576530457, 0.4135684669017792, 0.42004117369651794, 0.3779588043689728, 0.3922000229358673, 0.3621121942996979, 0.3326079845428467, 0.365913063287735, 0.3538548946380615, 0.3356936573982239, 0.40485602617263794, 0.3990481495857239, 0.37914010882377625, 0.33391785621643066, 0.35213300585746765, 0.3184409737586975, 0.3137195110321045, 0.43754035234451294, 0.40363138914108276, 0.3772064447402954, 0.33947494626045227, 0.4953392744064331, 0.3859414756298065]}